ONS ID,Constituency name,First party,Second party,Con,Lab,LD,BRX,Green,SNP,PC,DUP,SF,SDLP,UUP,APNI,other,Of which other winner,q,r
W07000049,Aberavon,Lab,Con,6518,17008,1072,3108,450,0,2711,0,0,0,0,0,731,0,-12,-8
W07000058,Aberconwy,Con,Lab,14687,12653,1821,0,0,0,2704,0,0,0,0,0,0,0,-12,0
S14000001,Aberdeen North,SNP,Con,7535,4939,2846,1008,880,20205,0,0,0,0,0,0,0,0,-4,25
S14000002,Aberdeen South,SNP,Con,16398,3834,5018,0,0,20388,0,0,0,0,0,0,0,0,-3,24
S14000003,Airdrie and Shotts,SNP,Lab,7011,12728,1419,0,685,17929,0,0,0,0,0,0,0,0,-7,20
E14000530,Aldershot,Con,Lab,27980,11282,6920,0,1750,0,0,0,0,0,0,0,0,0,-3,-11
E14000531,Aldridge-Brownhills,Con,Lab,27850,8014,2371,0,771,0,0,0,0,0,0,0,336,0,-3,-1
E14000532,Altrincham and Sale West,Con,Lab,26311,20172,6036,0,1566,0,0,0,0,0,0,0,678,0,-7,3
W07000043,Alyn and Deeside,Lab,Con,18058,18271,2548,2678,0,0,1453,0,0,0,0,0,0,0,-10,1
E14000533,Amber Valley,Con,Lab,29096,12210,2873,0,1388,0,0,0,0,0,0,0,0,0,0,2
S14000004,Angus,SNP,Con,17421,2051,2482,0,0,21216,0,0,0,0,0,0,0,0,-5,23
W07000057,Arfon,PC,Lab,4428,10353,0,1159,0,0,13134,0,0,0,0,0,0,0,-13,-1
S14000005,Argyll and Bute,SNP,Con,16930,3248,6832,0,0,21040,0,0,0,0,0,0,0,0,-8,23
E14000534,Arundel and South Downs,Con,LD,35566,9722,13045,0,2519,0,0,0,0,0,0,0,556,0,0,-15
E14000535,Ashfield,Con,Ash,19231,11971,1105,2501,674,0,0,0,0,0,0,0,13498,0,1,2
E14000536,Ashford,Con,Lab,37270,13241,6048,0,2638,0,0,0,0,0,0,0,862,0,12,-13
E14000537,Ashton-Under-Lyne,Lab,Con,14281,18544,1395,3151,1208,0,0,0,0,0,0,0,0,0,-5,6
E14000538,Aylesbury,Con,Lab,32737,15364,10081,0,2394,0,0,0,0,0,0,0,0,0,2,-6
S14000006,"Ayr, Carrick and Cumnock",SNP,Con,17943,6219,2158,0,0,20272,0,0,0,0,0,0,0,0,-8,16
E14000539,Banbury,Con,Lab,34148,17335,8831,0,2607,0,0,0,0,0,0,0,0,0,1,-5
S14000007,Banff and Buchan,Con,SNP,21182,1734,2280,0,0,17064,0,0,0,0,0,0,0,0,-5,24
E14000540,Barking,Lab,Con,11792,27219,1482,3186,820,0,0,0,0,0,0,0,0,0,8,-9
E14000541,Barnsley Central,Lab,BRX,7892,14804,1176,11233,900,0,0,0,0,0,0,0,898,0,-2,6
E14000542,Barnsley East,Lab,BRX,10377,14329,1330,11112,922,0,0,0,0,0,0,0,0,0,-1,6
E14000543,Barrow and Furness,Con,Lab,23876,18087,2025,1355,703,0,0,0,0,0,0,0,0,0,-5,13
E14000544,Basildon and Billericay,Con,Lab,29590,9178,3741,0,1395,0,0,0,0,0,0,0,224,0,8,-5
E14000545,Basingstoke,Con,Lab,29593,15395,6841,0,2138,0,0,0,0,0,0,0,746,0,-3,-10
E14000546,Bassetlaw,Con,Lab,28078,14065,3332,5366,0,0,0,0,0,0,0,0,0,0,2,4
E14000547,Bath,LD,Con,16097,6639,28419,642,0,0,0,0,0,0,0,0,341,0,-6,-9
E14000548,Batley and Spen,Lab,Con,19069,22594,2462,1678,692,0,0,0,0,0,0,0,6432,0,-1,8
E14000549,Battersea,Lab,Con,21622,27290,9150,386,1529,0,0,0,0,0,0,0,0,0,4,-12
E14000550,Beaconsfield,Con,Ind,32477,5756,0,0,2033,0,0,0,0,0,0,0,17602,0,-1,-8
E14000551,Beckenham,Con,Lab,27282,13024,8194,0,2055,0,0,0,0,0,0,0,0,0,7,-14
E14000552,Bedford,Lab,Con,20346,20491,4608,896,960,0,0,0,0,0,0,0,0,0,4,-3
N06000001,Belfast East,DUP,APNI,0,0,0,0,0,0,0,20874,0,0,2516,19055,0,0,-14,13
N06000002,Belfast North,SF,DUP,0,0,0,0,0,0,0,21135,23078,0,0,4824,0,0,-14,14
N06000003,Belfast South,SDLP,DUP,0,0,0,0,0,0,0,11678,0,27079,1259,6786,550,0,-14,12
N06000004,Belfast West,SF,PBPA,0,0,0,0,0,0,0,5220,20866,2985,0,1882,7829,0,-15,13
E14000553,Bermondsey and Old Southwark,Lab,LD,9678,31723,15597,1617,0,0,0,0,0,0,0,0,0,0,5,-11
S14000008,"Berwickshire, Roxburgh and Selkirk",Con,SNP,25747,2513,4287,0,0,20599,0,0,0,0,0,0,0,0,-5,17
E14000554,Berwick-Upon-Tweed,Con,Lab,23947,9112,7656,0,1394,0,0,0,0,0,0,0,0,0,-4,17
E14000555,Bethnal Green and Bow,Lab,Con,6528,44052,5892,1081,2570,0,0,0,0,0,0,0,439,0,7,-10
E14000556,Beverley and Holderness,Con,Lab,33250,12802,4671,0,1378,0,0,0,0,0,0,0,1441,0,4,8
E14000557,Bexhill and Battle,Con,Lab,37590,11531,7280,0,2692,0,0,0,0,0,0,0,0,0,10,-15
E14000558,Bexleyheath and Crayford,Con,Lab,25856,12753,2819,0,1298,0,0,0,0,0,0,0,520,0,9,-10
E14000559,Birkenhead,Lab,BSJP,5540,24990,1620,1489,1405,0,0,0,0,0,0,0,7285,0,-10,2
E14000560,"Birmingham, Edgbaston",Lab,Con,15603,21217,3349,1047,1112,0,0,0,0,0,0,0,0,0,-4,-3
E14000561,"Birmingham, Erdington",Lab,Con,14119,17720,1301,1441,648,0,0,0,0,0,0,0,0,0,-2,-2
E14000562,"Birmingham, Hall Green",Lab,Con,7381,35889,3673,877,818,0,0,0,0,0,0,0,4273,0,-3,-4
E14000563,"Birmingham, Hodge Hill",Lab,Con,6742,35397,760,1519,328,0,0,0,0,0,0,0,257,0,-1,-2
E14000564,"Birmingham, Ladywood",Lab,Con,4773,33355,2228,831,931,0,0,0,0,0,0,0,0,0,-3,-3
E14000565,"Birmingham, Northfield",Con,Lab,19957,18317,1961,1655,954,0,0,0,0,0,0,0,254,0,-4,-4
E14000566,"Birmingham, Perry Barr",Lab,Con,11277,26594,1901,1382,845,0,0,0,0,0,0,0,148,0,-3,-2
E14000567,"Birmingham, Selly Oak",Lab,Con,15300,27714,3169,1436,1848,0,0,0,0,0,0,0,0,0,-3,-5
E14000568,"Birmingham, Yardley",Lab,Con,12720,23379,3754,2246,579,0,0,0,0,0,0,0,0,0,-2,-3
E14000569,Bishop Auckland,Con,Lab,24067,16105,2133,2500,0,0,0,0,0,0,0,0,0,0,-2,12
E14000570,Blackburn,Lab,Con,10736,29040,1130,2770,741,0,0,0,0,0,0,0,319,0,-6,10
E14000571,Blackley and Broughton,Lab,Con,9485,23887,1590,2736,920,0,0,0,0,0,0,0,0,0,-6,6
E14000572,Blackpool North and Cleveleys,Con,Lab,22364,13768,1494,0,735,0,0,0,0,0,0,0,443,0,-6,12
E14000573,Blackpool South,Con,Lab,16247,12557,1008,2009,563,0,0,0,0,0,0,0,368,0,-8,11
W07000072,Blaenau Gwent,Lab,BRX,5749,14862,1285,6215,386,0,1722,0,0,0,0,0,0,0,-9,-3
E14000574,Blaydon,Lab,Con,14263,19794,3703,5833,1279,0,0,0,0,0,0,0,809,0,-3,14
E14000575,Blyth Valley,Con,Lab,17440,16728,2151,3394,1146,0,0,0,0,0,0,0,0,0,-2,17
E14000576,Bognor Regis and Littlehampton,Con,Lab,32521,10018,5645,0,1826,0,0,0,0,0,0,0,1213,0,2,-15
E14000577,Bolsover,Con,Lab,21791,16492,1759,4151,758,0,0,0,0,0,0,0,987,0,0,3
E14000578,Bolton North East,Con,Lab,19759,19381,1847,1880,689,0,0,0,0,0,0,0,0,0,-7,7
E14000579,Bolton South East,Lab,Con,13918,21516,1411,2968,791,0,0,0,0,0,0,0,0,0,-7,6
E14000580,Bolton West,Con,Lab,27255,18400,2704,0,939,0,0,0,0,0,0,0,0,0,-8,7
E14000581,Bootle,Lab,Con,4510,39066,1822,2610,1166,0,0,0,0,0,0,0,0,0,-10,7
E14000582,Boston and Skegness,Con,Lab,31963,6342,1963,0,0,0,0,0,0,0,0,0,1428,0,4,5
E14000583,Bosworth,Con,Lab,36056,9778,9096,0,1502,0,0,0,0,0,0,0,0,0,0,-1
E14000584,Bournemouth East,Con,Lab,24926,16120,5418,0,2049,0,0,0,0,0,0,0,761,0,-8,-13
E14000585,Bournemouth West,Con,Lab,24550,14400,4931,0,2096,0,0,0,0,0,0,0,0,0,-8,-14
E14000586,Bracknell,Con,Lab,31894,12065,7749,0,2089,0,0,0,0,0,0,0,553,0,-2,-10
E14000587,Bradford East,Lab,Con,9681,27825,3316,2700,662,0,0,0,0,0,0,0,0,0,-2,9
E14000588,Bradford South,Lab,Con,16044,18390,1505,2819,983,0,0,0,0,0,0,0,0,0,-2,8
E14000589,Bradford West,Lab,Con,6717,33736,1349,1556,813,0,0,0,0,0,0,0,90,0,-3,9
E14000590,Braintree,Con,Lab,34112,9439,4779,0,0,0,0,0,0,0,0,0,2169,0,8,-2
W07000068,Brecon and Radnorshire,Con,LD,21958,3944,14827,0,0,0,0,0,0,0,0,0,590,0,-9,-2
E14000591,Brent Central,Lab,Con,10909,31779,4844,0,1600,0,0,0,0,0,0,0,0,0,2,-9
E14000593,Brentford and Isleworth,Lab,Con,18752,29266,7314,1165,1829,0,0,0,0,0,0,0,0,0,1,-11
E14000592,Brent North,Lab,Con,18832,26911,4065,951,850,0,0,0,0,0,0,0,270,0,1,-9
E14000594,Brentwood and Ongar,Con,Lab,36308,7243,7187,0,1679,0,0,0,0,0,0,0,532,0,8,-4
W07000073,Bridgend,Con,Lab,18193,17036,2368,1811,815,0,2013,0,0,0,0,0,0,0,-12,-9
E14000595,Bridgwater and West Somerset,Con,Lab,35827,11388,7805,0,1877,0,0,0,0,0,0,0,755,0,-11,-12
E14000596,Brigg and Goole,Con,Lab,30941,9000,2180,0,1281,0,0,0,0,0,0,0,0,0,1,7
E14000597,"Brighton, Kemptown",Lab,Con,16972,25033,2964,1327,2237,0,0,0,0,0,0,0,0,0,7,-15
E14000598,"Brighton, Pavilion",Green,Lab,10176,13211,0,770,33151,0,0,0,0,0,0,0,690,0,6,-15
E14000599,Bristol East,Lab,Con,16923,27717,3527,1881,2106,0,0,0,0,0,0,0,0,0,-7,-9
E14000600,Bristol North West,Lab,Con,21638,27330,4940,0,1977,0,0,0,0,0,0,0,0,0,-8,-9
E14000601,Bristol South,Lab,Con,18036,27895,4227,2325,2713,0,0,0,0,0,0,0,0,0,-7,-10
E14000602,Bristol West,Lab,Green,8822,47028,0,869,18809,0,0,0,0,0,0,0,0,0,-8,-10
E14000603,Broadland,Con,Lab,33934,12073,9195,0,1412,0,0,0,0,0,0,0,363,0,7,2
E14000604,Bromley and Chislehurst,Con,Lab,23958,13067,6621,0,1546,0,0,0,0,0,0,0,374,0,8,-13
E14000605,Bromsgrove,Con,Lab,34408,11302,6779,0,1783,0,0,0,0,0,0,0,0,0,-4,-5
E14000606,Broxbourne,Con,Lab,30631,10824,3970,0,1281,0,0,0,0,0,0,0,0,0,8,-6
E14000607,Broxtowe,Con,Lab,26602,21271,0,0,1806,0,0,0,0,0,0,0,5593,0,0,1
E14000608,Buckingham,Con,LD,37035,7638,16624,1286,0,0,0,0,0,0,0,0,875,0,2,-5
E14000609,Burnley,Con,Lab,15720,14368,3501,3362,739,0,0,0,0,0,0,0,1294,0,-4,10
E14000610,Burton,Con,Lab,29560,15064,2681,0,1433,0,0,0,0,0,0,0,0,0,-3,1
E14000611,Bury North,Con,Lab,21660,21555,1584,1240,802,0,0,0,0,0,0,0,0,0,-6,9
E14000612,Bury South,Con,Lab,22034,21632,2315,1672,848,0,0,0,0,0,0,0,1773,0,-6,8
E14000613,Bury St Edmunds,Con,Lab,37770,12782,0,0,9711,0,0,0,0,0,0,0,1694,0,9,-2
W07000076,Caerphilly,Lab,Con,11185,18018,0,4490,0,0,6424,0,0,0,0,0,0,0,-10,-6
S14000009,"Caithness, Sutherland and Easter Ross",LD,SNP,5176,1936,11705,1139,0,11501,0,0,0,0,0,0,0,0,-6,26
E14000614,Calder Valley,Con,Lab,29981,24207,2884,0,0,0,0,0,0,0,0,0,721,0,-4,9
E14000615,Camberwell and Peckham,Lab,Con,6478,40258,5087,1041,3501,0,0,0,0,0,0,0,127,0,6,-12
E14000616,Camborne and Redruth,Con,Lab,26764,18064,3504,0,1359,0,0,0,0,0,0,0,676,0,-16,-15
E14000617,Cambridge,Lab,LD,8342,25776,16137,1041,2164,0,0,0,0,0,0,0,269,0,6,-1
E14000618,Cannock Chase,Con,Lab,31636,11757,0,0,2920,0,0,0,0,0,0,0,0,0,-4,-1
E14000619,Canterbury,Lab,Con,27182,29018,3408,0,0,0,0,0,0,0,0,0,505,0,12,-12
W07000050,Cardiff Central,Lab,Con,8426,25605,6298,1006,0,0,0,0,0,0,0,0,487,0,-9,-8
W07000051,Cardiff North,Lab,Con,19082,26064,3580,1311,820,0,1606,0,0,0,0,0,203,0,-10,-7
W07000080,Cardiff South and Penarth,Lab,Con,14645,27382,2985,1999,1182,0,2386,0,0,0,0,0,0,0,-10,-9
W07000079,Cardiff West,Lab,Con,12922,23908,2731,1619,1133,0,3864,0,0,0,0,0,0,0,-10,-8
E14000620,Carlisle,Con,Lab,23659,15340,2829,0,0,0,0,0,0,0,0,0,1045,0,-4,14
W07000067,Carmarthen East and Dinefwr,PC,Con,14130,8622,0,2311,0,0,15939,0,0,0,0,0,0,0,-14,-7
W07000066,Carmarthen West and South Pembrokeshire,Con,Lab,22183,14438,1860,0,0,0,3633,0,0,0,0,0,0,0,-15,-8
E14000621,Carshalton and Wallington,Con,LD,20822,6081,20193,1043,759,0,0,0,0,0,0,0,200,0,4,-14
E14000622,Castle Point,Con,Lab,33971,7337,2969,0,0,0,0,0,0,0,0,0,0,0,10,-7
S14000010,Central Ayrshire,SNP,Con,16182,6583,2283,0,0,21486,0,0,0,0,0,0,0,0,-10,17
E14000623,Central Devon,Con,Lab,32095,14374,8770,0,2833,0,0,0,0,0,0,0,0,0,-13,-13
E14000624,Central Suffolk and North Ipswich,Con,Lab,35253,11862,6485,0,2650,0,0,0,0,0,0,0,0,0,10,0
W07000064,Ceredigion,PC,Con,8879,6317,6975,2063,663,0,15208,0,0,0,0,0,0,0,-12,-6
E14000625,Charnwood,Con,Lab,35121,12724,4856,0,2664,0,0,0,0,0,0,0,0,0,3,0
E14000626,Chatham and Aylesford,Con,Lab,28856,10316,2866,0,1090,0,0,0,0,0,0,0,212,0,10,-11
E14000627,Cheadle,Con,LD,25694,6851,23358,0,0,0,0,0,0,0,0,0,0,0,-5,3
E14000628,Chelmsford,Con,LD,31934,10295,14313,0,0,0,0,0,0,0,0,0,580,0,9,-4
E14000629,Chelsea and Fulham,Con,LD,23345,10872,12104,0,0,0,0,0,0,0,0,0,500,0,2,-11
E14000630,Cheltenham,Con,LD,28486,2921,27505,0,0,0,0,0,0,0,0,0,445,0,-7,-7
E14000631,Chesham and Amersham,Con,LD,30850,7166,14627,0,3042,0,0,0,0,0,0,0,0,0,0,-7
E14000632,Chesterfield,Lab,Con,16720,18171,3985,4771,1148,0,0,0,0,0,0,0,391,0,-1,3
E14000633,Chichester,Con,LD,35402,9069,13912,0,2527,0,0,0,0,0,0,0,333,0,-1,-15
E14000634,Chingford and Woodford Green,Con,Lab,23481,22219,2744,0,0,0,0,0,0,0,0,0,0,0,6,-6
E14000635,Chippenham,Con,LD,30994,6399,19706,0,0,0,0,0,0,0,0,0,0,0,-5,-9
E14000636,Chipping Barnet,Con,Lab,25745,24533,5932,0,1288,0,0,0,0,0,0,0,71,0,3,-7
E14000637,Chorley,Spk,Ind,0,0,0,0,3600,0,0,0,0,0,0,0,36270,26831,-7,9
E14000638,Christchurch,Con,LD,33894,6568,9277,0,2212,0,0,0,0,0,0,0,0,0,-7,-13
E14000639,Cities Of London and Westminster,Con,LD,17049,11624,13096,0,728,0,0,0,0,0,0,0,226,0,4,-11
E14000640,City Of Chester,Lab,Con,20918,27082,3734,1388,1438,0,0,0,0,0,0,0,0,0,-8,1
E14000641,City Of Durham,Lab,Con,15506,20531,7935,3252,1635,0,0,0,0,0,0,0,0,0,-2,13
E14000642,Clacton,Con,Lab,31438,6736,2541,0,1225,0,0,0,0,0,0,0,1566,0,10,-3
E14000643,Cleethorpes,Con,Lab,31969,10551,2535,0,1284,0,0,0,0,0,0,0,0,0,2,7
W07000062,Clwyd South,Con,Lab,16222,14983,1496,1468,0,0,2137,0,0,0,0,0,0,0,-10,-1
W07000059,Clwyd West,Con,Lab,20403,13656,2237,0,0,0,3907,0,0,0,0,0,0,0,-11,0
S14000011,"Coatbridge, Chryston and Bellshill",SNP,Lab,6113,17056,1564,0,808,22680,0,0,0,0,0,0,0,0,-8,20
E14000644,Colchester,Con,Lab,26917,17494,7432,0,1530,0,0,0,0,0,0,0,0,0,9,-3
E14000645,Colne Valley,Con,Lab,29482,24379,3815,1268,1068,0,0,0,0,0,0,0,880,0,-4,7
E14000646,Congleton,Con,Lab,33747,15186,6026,0,1616,0,0,0,0,0,0,0,658,0,-5,2
E14000647,Copeland,Con,Lab,22856,17014,1888,0,765,0,0,0,0,0,0,0,0,0,-6,13
E14000648,Corby,Con,Lab,33410,23142,3923,0,0,0,0,0,0,0,0,0,0,0,4,1
E14000649,Coventry North East,Lab,Con,15720,23412,2061,2110,1141,0,0,0,0,0,0,0,0,0,-1,-3
E14000650,Coventry North West,Lab,Con,20710,20918,2717,1956,1443,0,0,0,0,0,0,0,0,0,-1,-4
E14000651,Coventry South,Lab,Con,19143,19544,3398,1432,1092,0,0,0,0,0,0,0,435,0,0,-4
E14000652,Crawley,Con,Lab,27040,18680,2728,0,1451,0,0,0,0,0,0,0,0,0,1,-14
E14000653,Crewe and Nantwich,Con,Lab,28704,20196,2618,1390,975,0,0,0,0,0,0,0,149,0,-6,1
E14000654,Croydon Central,Lab,Con,21175,27124,3532,999,1215,0,0,0,0,0,0,0,0,0,6,-14
E14000655,Croydon North,Lab,Con,11822,36495,4476,839,1629,0,0,0,0,0,0,0,348,0,6,-13
E14000656,Croydon South,Con,Lab,30985,18646,7503,0,1782,0,0,0,0,0,0,0,442,0,5,-14
S14000012,"Cumbernauld, Kilsyth and Kirkintilloch East",SNP,Lab,7380,11182,2966,0,0,24158,0,0,0,0,0,0,0,0,-8,21
W07000070,Cynon Valley,Lab,Con,6711,15533,949,3045,0,0,2562,0,0,0,0,0,1436,0,-10,-5
E14000657,Dagenham and Rainham,Lab,Con,19175,19468,1182,2887,602,0,0,0,0,0,0,0,421,0,9,-8
E14000658,Darlington,Con,Lab,20901,17607,2097,1544,1057,0,0,0,0,0,0,0,292,0,-1,12
E14000659,Dartford,Con,Lab,34006,14846,3736,0,1435,0,0,0,0,0,0,0,0,0,9,-11
E14000660,Daventry,Con,Lab,37055,10975,7032,0,2341,0,0,0,0,0,0,0,0,0,1,-3
W07000042,Delyn,Con,Lab,16756,15891,2346,1971,0,0,1406,0,0,0,0,0,0,0,-11,1
E14000661,Denton and Reddish,Lab,Con,13142,19317,1642,3039,1124,0,0,0,0,0,0,0,324,0,-4,5
E14000662,Derby North,Con,Lab,21259,18719,3450,1908,1046,0,0,0,0,0,0,0,635,0,-1,2
E14000664,Derbyshire Dales,Con,Lab,29356,11975,6627,0,2058,0,0,0,0,0,0,0,0,0,-3,3
E14000663,Derby South,Lab,Con,15671,21690,2621,2480,0,0,0,0,0,0,0,0,0,0,-1,1
E14000665,Devizes,Con,LD,32150,7838,8157,0,2809,0,0,0,0,0,0,0,0,0,-5,-10
E14000666,Dewsbury,Con,Lab,26179,24618,2406,1874,1060,0,0,0,0,0,0,0,252,0,-2,7
E14000668,Doncaster Central,Lab,Con,14360,16638,1748,6842,981,0,0,0,0,0,0,0,1012,0,1,6
E14000669,Doncaster North,Lab,Con,13370,15740,1476,8294,0,0,0,0,0,0,0,0,1818,0,0,6
E14000667,Don Valley,Con,Lab,19609,15979,1907,6247,872,0,0,0,0,0,0,0,823,0,1,5
E14000670,Dover,Con,Lab,28830,16552,2895,0,1371,0,0,0,0,0,0,0,1053,0,13,-12
E14000671,Dudley North,Con,Lab,23134,11601,1210,0,739,0,0,0,0,0,0,0,0,0,-7,-3
E14000672,Dudley South,Con,Lab,24835,9270,1608,0,863,0,0,0,0,0,0,0,0,0,-6,-4
E14000673,Dulwich and West Norwood,Lab,Green,9160,36521,0,571,9211,0,0,0,0,0,0,0,315,0,5,-13
S14000013,Dumfries and Galloway,Con,SNP,22678,4745,3133,0,0,20873,0,0,0,0,0,0,0,0,-6,16
S14000014,"Dumfriesshire, Clydesdale and Tweeddale",Con,SNP,22611,4172,3540,0,0,18830,0,0,0,0,0,0,0,0,-5,16
S14000015,Dundee East,SNP,Con,10986,6045,3573,0,0,24361,0,0,0,0,0,0,312,0,-5,22
S14000016,Dundee West,SNP,Lab,5149,10096,2468,1271,0,22355,0,0,0,0,0,0,240,0,-6,23
S14000017,Dunfermline and West Fife,SNP,Lab,11207,13028,4262,0,1258,23727,0,0,0,0,0,0,0,0,-6,21
W07000061,Dwyfor Meirionnydd,PC,Con,9707,3998,0,1776,0,0,14447,0,0,0,0,0,0,0,-12,-1
E14000674,Ealing Central and Acton,Lab,Con,14832,28132,9444,664,1735,0,0,0,0,0,0,0,0,0,1,-10
E14000675,Ealing North,Lab,Con,15767,28036,4370,0,1458,0,0,0,0,0,0,0,0,0,0,-9
E14000676,"Ealing, Southall",Lab,Con,9594,25678,3933,867,1688,0,0,0,0,0,0,0,457,0,0,-10
E14000677,Easington,Lab,Con,9142,15723,1526,6744,0,0,0,0,0,0,0,0,1448,0,0,14
N06000005,East Antrim,DUP,APNI,1043,0,0,0,685,0,0,16871,2120,902,5475,10165,0,0,-14,15
E14000684,Eastbourne,Con,LD,26951,3848,22620,1530,0,0,0,0,0,0,0,0,185,0,9,-15
E14000678,East Devon,Con,Ind,32577,2870,1771,0,711,0,0,0,0,0,0,0,26144,0,-11,-14
S14000018,East Dunbartonshire,SNP,LD,7455,4839,19523,0,916,19672,0,0,0,0,0,0,626,0,-8,22
E14000679,East Ham,Lab,Con,8527,41703,2158,1107,883,0,0,0,0,0,0,0,250,0,7,-9
E14000680,East Hampshire,Con,LD,33446,6287,13750,0,2600,0,0,0,0,0,0,0,812,0,-3,-12
S14000019,"East Kilbride, Strathaven and Lesmahagow",SNP,Lab,11961,12791,3760,0,1153,26113,0,0,0,0,0,0,559,0,-8,17
E14000685,Eastleigh,Con,LD,32690,7559,17083,0,1639,0,0,0,0,0,0,0,0,0,-4,-12
N06000006,East Londonderry,DUP,SDLP,0,0,0,0,0,0,0,15765,6128,6158,3599,5921,1731,0,-16,15
S14000020,East Lothian,SNP,Lab,15523,17270,4071,0,0,21156,0,0,0,0,0,0,493,0,-4,18
S14000021,East Renfrewshire,SNP,Con,19451,6855,4174,0,0,24877,0,0,0,0,0,0,0,0,-10,18
E14000681,East Surrey,Con,LD,35624,8247,11584,0,2340,0,0,0,0,0,0,0,1895,0,9,-14
E14000682,East Worthing and Shoreham,Con,Lab,27107,19633,4127,0,2006,0,0,0,0,0,0,0,255,0,4,-15
E14000683,East Yorkshire,Con,Lab,33988,11201,4219,0,1675,0,0,0,0,0,0,0,1686,0,3,10
E14000686,Eddisbury,Con,Lab,30095,11652,9582,0,1191,0,0,0,0,0,0,0,451,0,-7,1
S14000022,Edinburgh East,SNP,Lab,6549,12748,3289,0,2064,23165,0,0,0,0,0,0,0,0,-5,19
S14000023,Edinburgh North and Leith,SNP,Lab,11000,13117,6635,558,1971,25925,0,0,0,0,0,0,138,0,-6,19
S14000024,Edinburgh South,Lab,SNP,8161,23745,3819,0,1357,12650,0,0,0,0,0,0,0,0,-5,18
S14000025,Edinburgh South West,SNP,Con,12848,7478,4971,625,1265,24830,0,0,0,0,0,0,114,0,-6,18
S14000026,Edinburgh West,LD,SNP,9283,4460,21766,0,1027,17997,0,0,0,0,0,0,0,0,-7,19
E14000687,Edmonton,Lab,Con,10202,26217,2145,840,862,0,0,0,0,0,0,0,75,0,5,-7
E14000688,Ellesmere Port and Neston,Lab,Con,17237,26001,2406,2138,964,0,0,0,0,0,0,0,0,0,-9,1
E14000689,Elmet and Rothwell,Con,Lab,33726,16373,5155,0,1775,0,0,0,0,0,0,0,1196,0,2,10
E14000690,Eltham,Lab,Con,17353,20550,2941,1523,1322,0,0,0,0,0,0,0,0,0,8,-12
E14000691,Enfield North,Lab,Con,16848,23340,2950,797,1115,0,0,0,0,0,0,0,0,0,5,-6
E14000692,"Enfield, Southgate",Lab,Con,18473,22923,4344,494,1042,0,0,0,0,0,0,0,0,0,4,-6
E14000693,Epping Forest,Con,Lab,32364,10191,5387,0,1975,0,0,0,0,0,0,0,351,0,9,-6
E14000694,Epsom and Ewell,Con,LD,31819,10226,13946,0,2047,0,0,0,0,0,0,0,1413,0,1,-13
E14000695,Erewash,Con,Lab,27560,16954,2487,0,1115,0,0,0,0,0,0,0,698,0,1,0
E14000696,Erith and Thamesmead,Lab,Con,16124,19882,1984,2246,876,0,0,0,0,0,0,0,272,0,8,-11
E14000697,Esher and Walton,Con,LD,31132,2838,28389,0,0,0,0,0,0,0,0,0,725,0,-1,-13
E14000698,Exeter,Lab,Con,19479,29882,0,1428,4838,0,0,0,0,0,0,0,565,0,-12,-13
S14000028,Falkirk,SNP,Con,14403,6243,3990,0,1885,29351,0,0,0,0,0,0,0,0,-7,21
E14000699,Fareham,Con,Lab,36459,10373,8006,0,2412,0,0,0,0,0,0,0,0,0,-4,-14
E14000700,Faversham and Mid Kent,Con,Lab,31864,9888,6170,0,2103,0,0,0,0,0,0,0,369,0,12,-11
E14000701,Feltham and Heston,Lab,Con,17017,24876,3127,1658,1133,0,0,0,0,0,0,0,0,0,0,-11
N06000007,Fermanagh and South Tyrone,SF,UUP,0,0,0,0,0,0,0,0,21986,3446,21929,2650,751,0,-17,13
E14000702,Filton and Bradley Stoke,Con,Lab,26293,20647,4992,0,1563,0,0,0,0,0,0,0,257,0,-8,-8
E14000703,Finchley and Golders Green,Con,LD,24162,13347,17600,0,0,0,0,0,0,0,0,0,0,0,3,-8
E14000704,Folkestone and Hythe,Con,Lab,35483,14146,5755,0,2706,0,0,0,0,0,0,0,915,0,12,-14
E14000705,Forest Of Dean,Con,Lab,30680,14811,0,0,4681,0,0,0,0,0,0,0,1303,0,-7,-6
N06000008,Foyle,SDLP,SF,0,0,0,0,0,0,0,4773,9771,26881,1088,1267,3364,0,-17,15
E14000706,Fylde,Con,Lab,28432,11821,3748,0,1731,0,0,0,0,0,0,0,927,0,-7,10
E14000707,Gainsborough,Con,Lab,33893,10926,5157,0,0,0,0,0,0,0,0,0,1070,0,2,5
E14000708,Garston and Halewood,Lab,Con,6954,38578,3324,2943,1183,0,0,0,0,0,0,0,344,0,-9,3
E14000709,Gateshead,Lab,Con,13250,20450,2792,0,1653,0,0,0,0,0,0,0,0,0,-3,15
E14000710,Gedling,Con,Lab,22718,22039,2279,1820,1097,0,0,0,0,0,0,0,0,0,3,2
E14000711,Gillingham and Rainham,Con,Lab,28173,13054,2503,0,1043,0,0,0,0,0,0,0,1185,0,11,-11
S14000029,Glasgow Central,SNP,Lab,3698,13276,1952,0,1429,19750,0,0,0,0,0,0,0,0,-9,19
S14000030,Glasgow East,SNP,Lab,5709,12791,1626,0,0,18357,0,0,0,0,0,0,0,0,-8,18
S14000031,Glasgow North,SNP,Lab,3806,11381,2394,320,1308,16982,0,0,0,0,0,0,0,0,-9,20
S14000032,Glasgow North East,SNP,Lab,3558,13363,1093,0,0,15911,0,0,0,0,0,0,0,0,-9,21
S14000033,Glasgow North West,SNP,Lab,6022,11319,2716,0,0,19678,0,0,0,0,0,0,0,0,-10,21
S14000034,Glasgow South,SNP,Lab,6237,13824,2786,516,1251,22829,0,0,0,0,0,0,0,0,-9,18
S14000035,Glasgow South West,SNP,Lab,4224,12743,1435,802,0,17643,0,0,0,0,0,0,0,0,-10,19
S14000036,Glenrothes,SNP,Lab,6920,9477,2639,1276,0,21234,0,0,0,0,0,0,0,0,-4,22
E14000712,Gloucester,Con,Lab,29159,18882,4338,0,1385,0,0,0,0,0,0,0,0,0,-7,-8
S14000037,Gordon,SNP,Con,23066,3052,5913,0,0,23885,0,0,0,0,0,0,0,0,-5,25
E14000713,Gosport,Con,Lab,32226,8948,5473,0,1806,0,0,0,0,0,0,0,0,0,-3,-14
W07000046,Gower,Lab,Con,18371,20208,2236,1379,0,0,2288,0,0,0,0,0,0,0,-14,-9
E14000714,Grantham and Stamford,Con,Lab,36794,10791,6153,0,2265,0,0,0,0,0,0,0,0,0,3,3
E14000715,Gravesham,Con,Lab,29580,13999,2584,0,1397,0,0,0,0,0,0,0,0,0,10,-10
E14000716,Great Grimsby,Con,Lab,18150,10819,1070,2378,514,0,0,0,0,0,0,0,156,0,3,6
E14000717,Great Yarmouth,Con,Lab,28593,10930,1661,0,1064,0,0,0,0,0,0,0,1214,0,8,2
E14000718,Greenwich and Woolwich,Lab,Con,11721,30185,7253,1228,2363,0,0,0,0,0,0,0,370,0,7,-11
E14000719,Guildford,Con,LD,26317,4515,22980,0,0,0,0,0,0,0,0,0,4839,0,-2,-13
E14000720,Hackney North and Stoke Newington,Lab,Con,6784,39972,4283,609,4989,0,0,0,0,0,0,0,227,0,5,-9
E14000721,Hackney South and Shoreditch,Lab,Con,5899,39884,4853,744,2948,0,0,0,0,0,0,0,111,0,6,-10
E14000722,Halesowen and Rowley Regis,Con,Lab,25607,13533,1738,0,934,0,0,0,0,0,0,0,533,0,-6,-3
E14000723,Halifax,Lab,Con,18927,21496,2276,2813,946,0,0,0,0,0,0,0,0,0,-3,8
E14000724,Haltemprice and Howden,Con,Lab,31045,10716,5215,0,1764,0,0,0,0,0,0,0,1039,0,2,9
E14000725,Halton,Lab,Con,10358,29333,1800,3730,982,0,0,0,0,0,0,0,0,0,-8,2
E14000726,Hammersmith,Lab,Con,12227,30074,6947,974,1744,0,0,0,0,0,0,0,0,0,2,-10
E14000727,Hampstead and Kilburn,Lab,Con,13892,28080,13121,684,1608,0,0,0,0,0,0,0,0,0,3,-9
E14000728,Harborough,Con,Lab,31698,14420,9103,0,1709,0,0,0,0,0,0,0,389,0,3,-1
E14000729,Harlow,Con,Lab,27510,13447,2397,0,0,0,0,0,0,0,0,0,0,0,8,-3
E14000730,Harrogate and Knaresborough,Con,LD,29962,5480,20287,0,0,0,0,0,0,0,0,0,1208,0,-2,11
E14000731,Harrow East,Con,Lab,26935,18765,3791,0,0,0,0,0,0,0,0,0,0,0,2,-8
E14000732,Harrow West,Lab,Con,16440,25132,4310,931,1109,0,0,0,0,0,0,0,0,0,1,-8
E14000733,Hartlepool,Lab,Con,11869,15464,1696,10603,0,0,0,0,0,0,0,0,1405,0,1,14
E14000734,Harwich and North Essex,Con,Lab,31830,11648,5866,0,1945,0,0,0,0,0,0,0,674,0,10,-2
E14000735,Hastings and Rye,Con,Lab,26896,22853,3960,0,0,0,0,0,0,0,0,0,565,0,11,-14
E14000736,Havant,Con,Lab,30051,8259,5708,0,1597,0,0,0,0,0,0,0,344,0,-1,-14
E14000737,Hayes and Harlington,Lab,Con,15284,24545,1947,1292,739,0,0,0,0,0,0,0,187,0,-1,-9
E14000738,Hazel Grove,Con,LD,21592,5508,17169,0,0,0,0,0,0,0,0,0,0,0,-4,4
E14000739,Hemel Hempstead,Con,Lab,28968,14405,6317,0,1581,0,0,0,0,0,0,0,0,0,5,-5
E14000740,Hemsworth,Lab,Con,15280,16460,1734,5930,916,0,0,0,0,0,0,0,3587,0,0,7
E14000741,Hendon,Con,Lab,26878,22648,4628,0,921,0,0,0,0,0,0,0,0,0,2,-7
E14000742,Henley,Con,LD,32189,5698,18136,0,2736,0,0,0,0,0,0,0,0,0,1,-6
E14000743,Hereford and South Herefordshire,Con,Lab,30390,10704,6181,0,2371,0,0,0,0,0,0,0,0,0,-7,-5
E14000744,Hertford and Stortford,Con,Lab,33712,14092,8596,0,2705,0,0,0,0,0,0,0,989,0,7,-3
E14000745,Hertsmere,Con,Lab,32651,11338,6561,0,1653,0,0,0,0,0,0,0,0,0,7,-5
E14000746,Hexham,Con,Lab,25152,14603,4672,0,1723,0,0,0,0,0,0,0,0,0,-4,16
E14000747,Heywood and Middleton,Con,Lab,20453,19790,2073,3952,1220,0,0,0,0,0,0,0,0,0,-5,8
E14000748,High Peak,Con,Lab,24844,24254,2750,1177,1148,0,0,0,0,0,0,0,0,0,-3,4
E14000749,Hitchin and Harpenden,Con,LD,27719,9959,20824,0,0,0,0,0,0,0,0,0,369,0,5,-3
E14000750,Holborn and St Pancras,Lab,Con,8878,36641,7314,1032,2746,0,0,0,0,0,0,0,175,0,4,-10
E14000751,Hornchurch and Upminster,Con,Lab,35495,12187,3862,0,1920,0,0,0,0,0,0,0,510,0,8,-8
E14000752,Hornsey and Wood Green,Lab,LD,6829,35126,15884,763,2192,0,0,0,0,0,0,0,311,0,4,-7
E14000753,Horsham,Con,LD,35900,9424,14773,0,2668,0,0,0,0,0,0,0,477,0,1,-15
E14000754,Houghton and Sunderland South,Lab,Con,13095,16210,2319,6165,1125,0,0,0,0,0,0,0,897,0,-1,14
E14000755,Hove,Lab,Con,15832,32876,3731,1111,2496,0,0,0,0,0,0,0,345,0,5,-15
E14000756,Huddersfield,Lab,Con,15572,20509,2367,1666,1768,0,0,0,0,0,0,0,0,0,-3,7
E14000757,Huntingdon,Con,Lab,32386,13003,9432,0,2233,0,0,0,0,0,0,0,2093,0,5,-2
E14000758,Hyndburn,Con,Lab,20565,17614,1226,2156,845,0,0,0,0,0,0,0,0,0,-5,10
E14000759,Ilford North,Lab,Con,20105,25323,2680,960,845,0,0,0,0,0,0,0,201,0,6,-7
E14000760,Ilford South,Lab,Con,10984,35085,1795,1008,714,0,0,0,0,0,0,0,3891,0,7,-8
S14000038,Inverclyde,SNP,Lab,6265,11783,2560,0,0,19295,0,0,0,0,0,0,0,0,-11,21
S14000039,"Inverness, Nairn, Badenoch and Strathspey",SNP,Con,15807,4123,5846,1078,1709,26247,0,0,0,0,0,0,0,0,-7,25
E14000761,Ipswich,Con,Lab,24952,19473,2439,1432,1283,0,0,0,0,0,0,0,0,0,9,-1
E14000762,Isle Of Wight,Con,Lab,41815,18078,0,0,11338,0,0,0,0,0,0,0,3211,0,-6,-15
E14000763,Islington North,Lab,LD,5483,34603,8415,742,4326,0,0,0,0,0,0,0,236,0,4,-9
E14000764,Islington South and Finsbury,Lab,LD,8045,26897,9569,1136,1987,0,0,0,0,0,0,0,182,0,5,-10
W07000077,Islwyn,Lab,Con,9892,15356,1313,4834,669,0,2286,0,0,0,0,0,0,0,-9,-6
E14000765,Jarrow,Lab,Con,11243,18363,2360,4122,831,0,0,0,0,0,0,0,3817,0,-1,15
E14000766,Keighley,Con,Lab,25298,23080,2573,850,0,0,0,0,0,0,0,0,799,0,-3,10
E14000767,Kenilworth and Southam,Con,LD,30351,9440,9998,0,2351,0,0,0,0,0,0,0,457,0,1,-4
E14000768,Kensington,Con,Lab,16768,16618,9312,384,535,0,0,0,0,0,0,0,145,0,3,-10
E14000769,Kettering,Con,Lab,29787,13022,3367,0,1543,0,0,0,0,0,0,0,1642,0,4,0
S14000040,Kilmarnock and Loudoun,SNP,Con,11557,9009,2444,0,0,24216,0,0,0,0,0,0,405,0,-7,16
E14000770,Kingston and Surbiton,LD,Con,20614,6528,31103,788,1038,0,0,0,0,0,0,0,775,0,0,-13
E14000771,Kingston upon Hull East,Lab,Con,11474,12713,1707,5764,784,0,0,0,0,0,0,0,0,0,3,7
E14000772,Kingston upon Hull North,Lab,Con,9440,17033,2084,4771,875,0,0,0,0,0,0,0,0,0,3,9
E14000773,Kingston upon Hull West and Hessle,Lab,Con,10528,13384,1756,5638,50,0,0,0,0,0,0,0,0,0,3,8
E14000774,Kingswood,Con,Lab,27712,16492,3421,0,1200,0,0,0,0,0,0,0,489,0,-6,-8
S14000041,Kirkcaldy and Cowdenbeath,SNP,Lab,9449,15325,2903,1132,1628,16568,0,0,0,0,0,0,0,0,-5,21
E14000775,Knowsley,Lab,Con,4432,44374,1117,3348,1262,0,0,0,0,0,0,0,405,0,-9,6
N06000009,Lagan Valley,DUP,APNI,955,0,0,0,0,0,0,19586,1098,1758,8606,13087,315,0,-15,12
S14000042,Lanark and Hamilton East,SNP,Con,17056,10736,3037,0,0,22243,0,0,0,0,0,0,0,0,-7,17
E14000776,Lancaster and Fleetwood,Lab,Con,18804,21184,2018,1817,1396,0,0,0,0,0,0,0,0,0,-4,12
E14000777,Leeds Central,Lab,Con,11143,30413,2343,2999,2105,0,0,0,0,0,0,0,281,0,0,9
E14000778,Leeds East,Lab,Con,13933,19464,1796,2981,878,0,0,0,0,0,0,0,0,0,1,9
E14000779,Leeds North East,Lab,Con,11935,29024,5665,1769,1931,0,0,0,0,0,0,0,176,0,1,10
E14000780,Leeds North West,Lab,Con,13222,23971,9397,1304,1389,0,0,0,0,0,0,0,0,0,0,10
E14000781,Leeds West,Lab,Con,11622,22186,1787,2685,1274,0,0,0,0,0,0,0,727,0,-1,9
E14000782,Leicester East,Lab,Con,19071,25090,2800,1243,888,0,0,0,0,0,0,0,329,0,2,-1
E14000783,Leicester South,Lab,Con,10931,33606,2754,1187,1669,0,0,0,0,0,0,0,0,0,2,-2
E14000784,Leicester West,Lab,Con,13079,17291,1808,1620,977,0,0,0,0,0,0,0,0,0,1,-1
E14000785,Leigh,Con,Lab,21266,19301,2252,3161,0,0,0,0,0,0,0,0,999,0,-8,6
E14000786,Lewes,Con,LD,26268,3206,23811,0,1453,0,0,0,0,0,0,0,113,0,8,-15
E14000789,"Lewisham, Deptford",Lab,Con,6303,39216,5774,789,3085,0,0,0,0,0,0,0,201,0,6,-11
E14000787,Lewisham East,Lab,Con,9653,26661,5039,1234,1706,0,0,0,0,0,0,0,522,0,7,-13
E14000788,Lewisham West and Penge,Lab,Con,10317,31860,6260,1060,2390,0,0,0,0,0,0,0,213,0,7,-12
E14000790,Leyton and Wanstead,Lab,Con,8028,28836,4666,785,1805,0,0,0,0,0,0,0,427,0,6,-8
E14000791,Lichfield,Con,Lab,34844,11206,5632,0,1743,0,0,0,0,0,0,0,568,0,-2,0
E14000792,Lincoln,Con,Lab,24267,20753,2422,1079,1195,0,0,0,0,0,0,0,913,0,3,5
S14000043,Linlithgow and East Falkirk,SNP,Con,14285,10517,4393,1257,1184,25551,0,0,0,0,0,0,588,0,-6,20
E14000793,"Liverpool, Riverside",Lab,Con,4127,41170,2696,1779,3017,0,0,0,0,0,0,0,0,0,-10,4
E14000794,"Liverpool, Walton",Lab,Con,4018,34538,756,0,814,0,0,0,0,0,0,0,660,0,-10,6
E14000795,"Liverpool, Wavertree",Lab,Con,4225,31310,4055,1921,1365,0,0,0,0,0,0,0,501,0,-10,3
E14000796,"Liverpool, West Derby",Lab,Con,4133,34117,1296,2012,605,0,0,0,0,0,0,0,1826,0,-10,5
S14000044,Livingston,SNP,Con,12182,11915,3457,0,1421,25617,0,0,0,0,0,0,0,0,-7,18
W07000045,Llanelli,Lab,Con,11455,16125,0,3605,0,0,7048,0,0,0,0,0,0,0,-14,-8
E14000797,Loughborough,Con,Lab,27954,20785,4153,0,1504,0,0,0,0,0,0,0,235,0,2,0
E14000798,Louth and Horncastle,Con,Lab,38021,9153,4114,0,0,0,0,0,0,0,0,0,1044,0,4,6
E14000799,Ludlow,Con,LD,32185,7591,8537,0,1912,0,0,0,0,0,0,0,0,0,-8,-2
E14000800,Luton North,Lab,Con,14249,23496,2063,1215,771,0,0,0,0,0,0,0,795,0,5,-4
E14000801,Luton South,Lab,Con,13031,21787,0,1601,995,0,0,0,0,0,0,0,4650,0,4,-5
E14000802,Macclesfield,Con,Lab,28292,17581,5684,0,2310,0,0,0,0,0,0,0,0,0,-4,3
E14000803,Maidenhead,Con,LD,32620,7882,13774,0,2216,0,0,0,0,0,0,0,0,0,-2,-7
E14000804,Maidstone and The Weald,Con,Lab,31220,9448,8482,0,2172,0,0,0,0,0,0,0,358,0,11,-12
E14000805,Makerfield,Lab,Con,15214,19954,2108,5817,1166,0,0,0,0,0,0,0,0,0,-9,7
E14000806,Maldon,Con,Lab,36304,6263,5990,0,1851,0,0,0,0,0,0,0,0,0,11,-4
E14000807,Manchester Central,Lab,Con,7734,36823,3420,2335,1870,0,0,0,0,0,0,0,107,0,-6,5
E14000808,"Manchester, Gorton",Lab,Con,4244,34583,2448,1573,1697,0,0,0,0,0,0,0,0,0,-5,5
E14000809,"Manchester, Withington",Lab,LD,5820,35902,7997,1308,1968,0,0,0,0,0,0,0,0,0,-6,4
E14000810,Mansfield,Con,Lab,31484,15178,1626,0,0,0,0,0,0,0,0,0,985,0,1,3
E14000811,Meon Valley,Con,LD,35271,5644,11716,0,2198,0,0,0,0,0,0,0,0,0,-4,-13
E14000812,Meriden,Con,Lab,34358,11522,5614,0,2667,0,0,0,0,0,0,0,0,0,-2,-5
W07000071,Merthyr Tydfil and Rhymney,Lab,Con,6307,16913,1116,3604,0,0,2446,0,0,0,0,0,1860,0,-9,-4
E14000813,Mid Bedfordshire,Con,Lab,38692,14028,8171,0,2478,0,0,0,0,0,0,0,1348,0,4,-4
E14000814,Mid Derbyshire,Con,Lab,29027,13642,4756,0,1931,0,0,0,0,0,0,0,0,0,-2,2
E14000819,Middlesbrough,Lab,Con,8812,17207,816,2168,546,0,0,0,0,0,0,0,4548,0,1,12
E14000820,Middlesbrough South and East Cleveland,Con,Lab,28135,16509,1953,0,1220,0,0,0,0,0,0,0,0,0,2,12
E14000815,Mid Dorset and North Poole,Con,LD,29548,3402,14650,0,1330,0,0,0,0,0,0,0,0,0,-8,-12
S14000045,Midlothian,SNP,Lab,10467,14328,3393,0,0,20033,0,0,0,0,0,0,0,0,-6,17
E14000816,Mid Norfolk,Con,Lab,35051,12457,7739,0,0,0,0,0,0,0,0,0,939,0,6,1
E14000817,Mid Sussex,Con,LD,33455,11218,15258,0,2234,0,0,0,0,0,0,0,597,0,10,-14
N06000010,Mid Ulster,SF,DUP,0,0,0,0,0,0,0,10936,20473,6384,2611,3526,690,0,-16,14
E14000818,Mid Worcestershire,Con,Lab,37426,9408,6474,0,2177,0,0,0,0,0,0,0,638,0,-5,-5
E14000821,Milton Keynes North,Con,Lab,30938,24683,4991,0,1931,0,0,0,0,0,0,0,0,0,3,-3
E14000822,Milton Keynes South,Con,Lab,32011,25067,4688,0,1495,0,0,0,0,0,0,0,746,0,3,-4
E14000823,Mitcham and Morden,Lab,Con,11482,27964,3717,1202,1160,0,0,0,0,0,0,0,216,0,3,-14
E14000824,Mole Valley,Con,LD,31656,2965,19615,0,1874,0,0,0,0,0,0,0,1000,0,0,-14
W07000054,Monmouth,Con,Lab,26160,16178,4909,0,1353,0,1182,0,0,0,0,0,435,0,-8,-5
W07000063,Montgomeryshire,Con,LD,20020,5585,7882,0,0,0,0,0,0,0,0,0,727,0,-11,-1
S14000046,Moray,Con,SNP,22112,2432,2269,0,0,21599,0,0,0,0,0,0,413,0,-6,24
E14000825,Morecambe and Lunesdale,Con,Lab,23925,17571,2328,0,938,0,0,0,0,0,0,0,548,0,-5,12
E14000826,Morley and Outwood,Con,Lab,29424,18157,2285,0,1107,0,0,0,0,0,0,0,957,0,0,8
S14000047,Motherwell and Wishaw,SNP,Lab,7150,14354,1675,0,0,20622,0,0,0,0,0,0,619,0,-8,19
S14000027,Na h-Eileanan An Iar,SNP,Lab,3216,4093,637,0,0,6531,0,0,0,0,0,0,0,0,-8,26
W07000069,Neath,Lab,Con,10283,15920,1485,3184,728,0,4495,0,0,0,0,0,661,0,-12,-7
E14000829,Newark,Con,Lab,34660,12844,5308,0,1950,0,0,0,0,0,0,0,0,0,3,4
E14000830,Newbury,Con,LD,34431,4404,18384,0,2454,0,0,0,0,0,0,0,325,0,-4,-7
E14000834,Newcastle-Under-Lyme,Con,Lab,23485,16039,2361,1921,933,0,0,0,0,0,0,0,0,0,-5,1
E14000831,Newcastle Upon Tyne Central,Lab,Con,9290,21568,2709,2542,1365,0,0,0,0,0,0,0,0,0,-4,15
E14000832,Newcastle Upon Tyne East,Lab,Con,10586,26049,4535,0,2195,0,0,0,0,0,0,0,0,0,-2,16
E14000833,Newcastle Upon Tyne North,Lab,Con,15589,21354,4357,4331,1368,0,0,0,0,0,0,0,0,0,-3,16
E14000827,New Forest East,Con,Lab,32769,7518,7390,0,2434,0,0,0,0,0,0,0,675,0,-6,-13
E14000828,New Forest West,Con,LD,32113,6595,7710,0,3888,0,0,0,0,0,0,0,0,0,-6,-12
W07000055,Newport East,Lab,Con,14133,16125,2121,2454,577,0,872,0,0,0,0,0,0,0,-8,-6
W07000056,Newport West,Lab,Con,18075,18977,2565,1727,902,0,1187,0,0,0,0,0,0,0,-9,-7
N06000011,Newry and Armagh,SF,DUP,0,0,0,0,0,0,0,11000,20287,9449,4204,4211,1628,0,-15,11
E14000835,Newton Abbot,Con,LD,29190,9329,11689,0,1508,0,0,0,0,0,0,0,840,0,-12,-14
E14000836,"Normanton, Pontefract and Castleford",Lab,Con,17021,18297,3147,8032,0,0,0,0,0,0,0,0,1762,0,1,8
E14000861,Northampton North,Con,Lab,21031,15524,2031,0,953,0,0,0,0,0,0,0,0,0,3,-2
E14000862,Northampton South,Con,Lab,20914,16217,2482,0,1222,0,0,0,0,0,0,0,0,0,2,-3
N06000012,North Antrim,DUP,UUP,0,0,0,0,0,0,0,20860,5632,2943,8139,6231,246,0,-15,15
S14000048,North Ayrshire and Arran,SNP,Con,14855,6702,2107,0,1114,23376,0,0,0,0,0,0,0,0,-11,18
E14000837,North Cornwall,Con,LD,30671,4516,15919,0,0,0,0,0,0,0,0,0,572,0,-14,-14
E14000838,North Devon,Con,LD,31479,5097,16666,0,1759,0,0,0,0,0,0,0,580,0,-12,-12
E14000839,North Dorset,Con,LD,35705,6737,11404,0,2261,0,0,0,0,0,0,0,0,0,-7,-12
N06000013,North Down,APNI,DUP,1959,0,0,0,0,0,0,15390,0,0,4936,18358,0,0,-13,14
E14000840,North Durham,Lab,Con,13897,18639,2879,4693,1126,0,0,0,0,0,0,0,961,0,-2,14
E14000841,North East Bedfordshire,Con,Lab,38443,14160,7999,0,1891,0,0,0,0,0,0,0,2525,0,4,-2
E14000842,North East Cambridgeshire,Con,Lab,38423,8430,4298,0,1813,0,0,0,0,0,0,0,0,0,6,0
E14000843,North East Derbyshire,Con,Lab,28897,16021,3021,0,1278,0,0,0,0,0,0,0,0,0,-2,3
S14000049,North East Fife,LD,SNP,5961,1707,19763,0,0,18447,0,0,0,0,0,0,0,0,-4,23
E14000844,North East Hampshire,Con,LD,35280,5760,15069,0,1754,0,0,0,0,0,0,0,1407,0,-3,-9
E14000845,North East Hertfordshire,Con,Lab,31293,13104,8563,0,2367,0,0,0,0,0,0,0,0,0,6,-3
E14000846,North East Somerset,Con,Lab,28360,13631,12422,0,1423,0,0,0,0,0,0,0,472,0,-6,-10
E14000847,North Herefordshire,Con,LD,32158,6804,7302,0,4769,0,0,0,0,0,0,0,0,0,-8,-4
E14000848,North Norfolk,Con,LD,29792,3895,15397,1739,0,0,0,0,0,0,0,0,0,0,6,2
E14000849,North Shropshire,Con,Lab,35444,12495,5643,0,1790,0,0,0,0,0,0,0,1141,0,-8,0
E14000850,North Somerset,Con,Lab,32801,15265,11051,0,2938,0,0,0,0,0,0,0,0,0,-9,-11
E14000851,North Swindon,Con,Lab,32584,16413,4408,0,1710,0,0,0,0,0,0,0,0,0,-5,-7
E14000852,North Thanet,Con,Lab,30066,12877,3439,0,1796,0,0,0,0,0,0,0,0,0,13,-10
E14000853,North Tyneside,Lab,Con,15490,25051,3241,5254,1393,0,0,0,0,0,0,0,0,0,-1,16
E14000854,North Warwickshire,Con,Lab,30249,12293,2069,0,1303,0,0,0,0,0,0,0,0,0,-1,-1
E14000855,North West Cambridgeshire,Con,Lab,40307,14324,6881,0,3021,0,0,0,0,0,0,0,0,0,5,-1
E14000856,North West Durham,Con,Lab,19990,18846,2831,3193,1173,0,0,0,0,0,0,0,1630,0,-3,13
E14000857,North West Hampshire,Con,LD,36591,9327,10283,0,2717,0,0,0,0,0,0,0,0,0,-4,-10
E14000858,North West Leicestershire,Con,Lab,33811,13411,3614,0,2478,0,0,0,0,0,0,0,507,0,0,0
E14000859,North West Norfolk,Con,Lab,30627,10705,3625,0,1645,0,0,0,0,0,0,0,0,0,5,1
E14000860,North Wiltshire,Con,LD,32373,5699,14747,0,1939,0,0,0,0,0,0,0,0,0,-5,-8
E14000863,Norwich North,Con,Lab,23397,18659,2663,0,1078,0,0,0,0,0,0,0,488,0,7,1
E14000864,Norwich South,Lab,Con,15006,27766,4776,1656,2469,0,0,0,0,0,0,0,0,0,8,0
E14000865,Nottingham East,Lab,Con,8342,25735,1954,1343,1183,0,0,0,0,0,0,0,1447,0,2,1
E14000866,Nottingham North,Lab,Con,12847,17337,1582,2686,868,0,0,0,0,0,0,0,0,0,2,2
E14000867,Nottingham South,Lab,Con,14018,26586,3935,2012,1583,0,0,0,0,0,0,0,0,0,1,1
E14000868,Nuneaton,Con,Lab,27390,14246,1862,0,1692,0,0,0,0,0,0,0,0,0,0,-2
S14000050,Ochil and South Perthshire,SNP,Con,22384,4961,3204,0,0,26882,0,0,0,0,0,0,382,0,-6,22
W07000074,Ogmore,Lab,Con,9797,17602,1460,2991,621,0,2919,0,0,0,0,0,0,0,-11,-8
E14000869,Old Bexley and Sidcup,Con,Lab,29786,10834,3822,0,1477,0,0,0,0,0,0,0,226,0,9,-12
E14000870,Oldham East and Saddleworth,Lab,Con,18589,20088,2423,2980,778,0,0,0,0,0,0,0,1306,0,-5,7
E14000871,Oldham West and Royton,Lab,Con,13452,24579,1484,3316,681,0,0,0,0,0,0,0,922,0,-6,7
S14000051,Orkney and Shetland,LD,SNP,2287,1550,10381,900,0,7874,0,0,0,0,0,0,168,0,-5,28
E14000872,Orpington,Con,Lab,30882,8504,7552,0,1783,0,0,0,0,0,0,0,0,0,8,-14
E14000873,Oxford East,Lab,Con,10303,28135,6884,1146,2392,0,0,0,0,0,0,0,499,0,0,-5
E14000874,Oxford West and Abingdon,LD,Con,22397,4258,31340,829,0,0,0,0,0,0,0,0,0,0,0,-6
S14000052,Paisley and Renfrewshire North,SNP,Lab,11217,11451,3661,0,0,23353,0,0,0,0,0,0,0,0,-10,20
S14000053,Paisley and Renfrewshire South,SNP,Lab,7571,10958,2918,0,0,21637,0,0,0,0,0,0,0,0,-11,19
E14000875,Pendle,Con,Lab,24076,17890,1548,0,678,0,0,0,0,0,0,0,268,0,-5,11
E14000876,Penistone and Stocksbridge,Con,Lab,23688,16478,5054,4300,0,0,0,0,0,0,0,0,0,0,-3,6
E14000877,Penrith and The Border,Con,Lab,28875,10356,5364,0,2159,0,0,0,0,0,0,0,1070,0,-5,15
S14000054,Perth and North Perthshire,SNP,Con,19812,2471,3780,651,0,27362,0,0,0,0,0,0,0,0,-7,23
E14000878,Peterborough,Con,Lab,22334,19754,2334,2127,728,0,0,0,0,0,0,0,524,0,5,0
E14000879,"Plymouth, Moor View",Con,Lab,26831,13934,2301,0,1173,0,0,0,0,0,0,0,0,0,-13,-15
E14000880,"Plymouth, Sutton and Devonport",Lab,Con,20704,25461,2545,2909,1557,0,0,0,0,0,0,0,0,0,-13,-16
W07000075,Pontypridd,Lab,Con,11494,17381,0,2917,0,0,4990,0,0,0,0,0,2278,0,-11,-7
E14000881,Poole,Con,Lab,29599,10483,7819,0,1702,0,0,0,0,0,0,0,848,0,-9,-13
E14000882,Poplar and Limehouse,Lab,Con,9756,38660,8832,1493,2159,0,0,0,0,0,0,0,376,0,8,-10
E14000883,Portsmouth North,Con,Lab,28172,12392,3419,0,1304,0,0,0,0,0,0,0,623,0,-3,-13
E14000884,Portsmouth South,Lab,Con,17705,23068,5418,994,0,0,0,0,0,0,0,0,240,0,-2,-14
W07000065,Preseli Pembrokeshire,Con,Lab,21381,16319,1943,0,0,0,2776,0,0,0,0,0,0,0,-15,-7
E14000885,Preston,Lab,Con,8724,20870,1737,1799,660,0,0,0,0,0,0,0,0,0,-7,11
E14000886,Pudsey,Con,Lab,26453,22936,3088,0,894,0,0,0,0,0,0,0,844,0,-1,10
E14000887,Putney,Lab,Con,18006,22780,8548,0,1133,0,0,0,0,0,0,0,0,0,3,-12
E14000888,Rayleigh and Wickford,Con,Lab,39864,8864,4171,0,2002,0,0,0,0,0,0,0,0,0,9,-5
E14000889,Reading East,Lab,Con,21178,27102,5035,852,1549,0,0,0,0,0,0,0,202,0,-3,-7
E14000890,Reading West,Con,Lab,24393,20276,4460,0,1263,0,0,0,0,0,0,0,0,0,-3,-8
E14000891,Redcar,Con,Lab,18811,15284,2018,2915,491,0,0,0,0,0,0,0,1323,0,1,13
E14000892,Redditch,Con,Lab,27907,11871,2905,0,1384,0,0,0,0,0,0,0,0,0,-4,-6
E14000893,Reigate,Con,Lab,28665,10355,10320,0,3169,0,0,0,0,0,0,0,647,0,2,-14
W07000052,Rhondda,Lab,Con,4675,16115,612,3733,438,0,4069,0,0,0,0,0,0,0,-11,-6
E14000894,Ribble Valley,Con,Lab,33346,14907,4776,0,1704,0,0,0,0,0,0,0,551,0,-3,12
E14000896,Richmond Park,LD,Con,26793,3407,34559,0,0,0,0,0,0,0,0,0,308,0,1,-12
E14000895,Richmond (Yorks),Con,Lab,36693,9483,6989,0,2500,0,0,0,0,0,0,0,2038,0,-3,11
E14000897,Rochdale,Lab,Con,14807,24475,3312,3867,986,0,0,0,0,0,0,0,0,0,-4,8
E14000898,Rochester and Strood,Con,Lab,31151,14079,3717,0,1312,0,0,0,0,0,0,0,1667,0,11,-10
E14000899,Rochford and Southend East,Con,Lab,27063,14777,2822,0,0,0,0,0,0,0,0,0,1474,0,10,-5
E14000900,Romford,Con,Lab,30494,12601,2708,0,1428,0,0,0,0,0,0,0,0,0,7,-7
E14000901,Romsey and Southampton North,Con,LD,27862,5898,16990,0,0,0,0,0,0,0,0,0,640,0,-5,-11
E14000902,Rossendale and Darwen,Con,Lab,27570,18048,2011,0,1193,0,0,0,0,0,0,0,0,0,-5,9
S14000055,"Ross, Skye and Lochaber",SNP,LD,6900,2448,9820,710,0,19263,0,0,0,0,0,0,728,0,-7,24
E14000904,Rotherham,Lab,Con,11615,14736,2090,6125,0,0,0,0,0,0,0,0,1085,0,0,5
E14000903,Rother Valley,Con,Lab,21970,15652,2553,6264,1219,0,0,0,0,0,0,0,1040,0,1,4
E14000905,Rugby,Con,Lab,29255,15808,4207,0,1544,0,0,0,0,0,0,0,0,0,0,-3
E14000906,"Ruislip, Northwood and Pinner",Con,Lab,29391,12997,7986,0,1646,0,0,0,0,0,0,0,884,0,1,-7
E14000907,Runnymede and Weybridge,Con,Lab,29262,10992,9236,0,1876,0,0,0,0,0,0,0,1923,0,-1,-12
E14000908,Rushcliffe,Con,Lab,28765,21122,9600,0,0,0,0,0,0,0,0,0,1018,0,3,1
S14000056,Rutherglen and Hamilton West,SNP,Lab,8054,18545,2791,0,0,23775,0,0,0,0,0,0,629,0,-9,17
E14000909,Rutland and Melton,Con,Lab,36507,9583,7970,0,2875,0,0,0,0,0,0,0,1375,0,4,2
E14000910,Saffron Walden,Con,LD,39714,8305,12120,0,2947,0,0,0,0,0,0,0,0,0,7,-2
E14000911,Salford and Eccles,Lab,Con,12428,28755,3099,4290,2060,0,0,0,0,0,0,0,0,0,-7,5
E14000912,Salisbury,Con,LD,30280,9675,10544,0,2486,0,0,0,0,0,0,0,745,0,-6,-11
E14000913,Scarborough and Whitby,Con,Lab,27593,17323,3038,0,0,0,0,0,0,0,0,0,1770,0,2,11
E14000914,Scunthorpe,Con,Lab,20306,13855,875,2044,670,0,0,0,0,0,0,0,0,0,2,6
E14000915,Sedgefield,Con,Lab,19609,15096,1955,3518,994,0,0,0,0,0,0,0,394,0,-1,13
E14000916,Sefton Central,Lab,Con,14132,29254,3386,2425,1261,0,0,0,0,0,0,0,422,0,-9,8
E14000917,Selby and Ainsty,Con,Lab,33995,13858,4842,0,1823,0,0,0,0,0,0,0,1900,0,2,8
E14000918,Sevenoaks,Con,LD,30932,6946,10114,0,1974,0,0,0,0,0,0,0,990,0,9,-13
E14000921,"Sheffield, Brightside and Hillsborough",Lab,Con,10095,22369,1517,3855,1179,0,0,0,0,0,0,0,585,0,-2,5
E14000919,Sheffield Central,Lab,Con,6695,33968,3237,1969,4570,0,0,0,0,0,0,0,474,0,-1,4
E14000922,"Sheffield, Hallam",Lab,LD,14696,19709,18997,1562,1630,0,0,0,0,0,0,0,291,0,-3,5
E14000923,"Sheffield, Heeley",Lab,Con,12955,21475,2916,3538,1811,0,0,0,0,0,0,0,0,0,-2,4
E14000920,Sheffield South East,Lab,Con,15070,19359,2125,4478,0,0,0,0,0,0,0,0,966,0,0,4
E14000924,Sherwood,Con,Lab,32049,15863,2883,0,1214,0,0,0,0,0,0,0,700,0,2,3
E14000925,Shipley,Con,Lab,27437,21195,3188,0,1301,0,0,0,0,0,0,0,883,0,-2,10
E14000926,Shrewsbury and Atcham,Con,Lab,31021,19804,5906,0,1762,0,0,0,0,0,0,0,572,0,-9,-1
E14000927,Sittingbourne and Sheppey,Con,Lab,34742,10263,3213,0,1188,0,0,0,0,0,0,0,1988,0,12,-10
E14000928,Skipton and Ripon,Con,Lab,34919,11225,8701,0,2748,0,0,0,0,0,0,0,1131,0,-4,11
E14000929,Sleaford and North Hykeham,Con,Lab,44683,12118,5355,0,1742,0,0,0,0,0,0,0,2656,0,4,4
E14000930,Slough,Lab,Con,15781,29421,3357,1432,1047,0,0,0,0,0,0,0,0,0,-2,-8
E14000931,Solihull,Con,Lab,32309,11036,9977,0,2022,0,0,0,0,0,0,0,0,0,-2,-4
E14000932,Somerton and Frome,Con,LD,36230,8354,17017,0,3295,0,0,0,0,0,0,0,0,0,-8,-11
E14000955,"Southampton, Itchen",Con,Lab,23952,19454,2503,0,1040,0,0,0,0,0,0,0,472,0,-5,-13
E14000956,"Southampton, Test",Lab,Con,16043,22256,3449,1591,1433,0,0,0,0,0,0,0,222,0,-5,-12
N06000014,South Antrim,DUP,UUP,0,0,0,0,0,0,0,15149,4887,2288,12460,8190,0,0,-15,14
E14000933,South Basildon and East Thurrock,Con,Lab,29973,10051,1957,0,0,0,0,0,0,0,0,0,3316,0,9,-7
E14000934,South Cambridgeshire,Con,LD,31015,7803,28111,0,0,0,0,0,0,0,0,0,0,0,6,-2
E14000935,South Derbyshire,Con,Lab,33502,14167,3924,0,1788,0,0,0,0,0,0,0,0,0,-2,1
E14000936,South Dorset,Con,Lab,30024,12871,5432,0,2246,0,0,0,0,0,0,0,485,0,-9,-15
N06000015,South Down,SF,SDLP,0,0,0,0,0,0,0,7619,16137,14517,3307,6916,1266,0,-13,12
E14000937,South East Cambridgeshire,Con,LD,32187,10492,20697,0,0,0,0,0,0,0,0,0,1009,0,7,-1
E14000938,South East Cornwall,Con,Lab,31807,10836,8650,0,1493,0,0,0,0,0,0,0,869,0,-14,-15
E14000957,Southend West,Con,Lab,27555,13096,5312,0,0,0,0,0,0,0,0,0,574,0,10,-6
E14000939,South Holland and The Deepings,Con,Lab,37338,6500,3225,0,1613,0,0,0,0,0,0,0,503,0,4,3
E14000940,South Leicestershire,Con,Lab,36791,12787,5452,0,2439,0,0,0,0,0,0,0,0,0,1,-2
E14000941,South Norfolk,Con,Lab,36258,14983,8744,0,2499,0,0,0,0,0,0,0,0,0,9,0
E14000942,South Northamptonshire,Con,Lab,41755,13994,7891,0,2634,0,0,0,0,0,0,0,634,0,2,-4
E14000958,Southport,Con,Lab,22914,18767,6499,0,0,0,0,0,0,0,0,0,0,0,-9,9
E14000943,South Ribble,Con,Lab,30028,18829,3720,0,1207,0,0,0,0,0,0,0,0,0,-8,9
E14000944,South Shields,Lab,Con,7688,17273,1514,6446,1303,0,0,0,0,0,0,0,3658,0,0,16
E14000945,South Staffordshire,Con,Lab,36520,8270,3280,0,1935,0,0,0,0,0,0,0,0,0,-6,0
E14000946,South Suffolk,Con,Lab,33270,10373,6702,0,3144,0,0,0,0,0,0,0,0,0,10,-1
E14000947,South Swindon,Con,Lab,26536,19911,4299,0,0,0,0,0,0,0,0,0,0,0,-4,-8
E14000948,South Thanet,Con,Lab,27084,16497,2727,0,1949,0,0,0,0,0,0,0,0,0,13,-11
E14000949,South West Bedfordshire,Con,Lab,32212,13629,5435,0,2031,0,0,0,0,0,0,0,0,0,3,-5
E14000950,South West Devon,Con,Lab,33286,11856,6207,0,2018,0,0,0,0,0,0,0,0,0,-13,-14
E14000951,South West Hertfordshire,Con,Ind,30327,7228,6251,0,1466,0,0,0,0,0,0,0,15919,0,3,-6
E14000952,South West Norfolk,Con,Lab,35507,9312,4166,0,1645,0,0,0,0,0,0,0,836,0,7,0
E14000953,South West Surrey,Con,LD,32191,4775,23374,0,0,0,0,0,0,0,0,0,0,0,-2,-12
E14000954,South West Wiltshire,Con,Lab,33038,11408,8015,0,2434,0,0,0,0,0,0,0,0,0,-7,-11
E14000959,Spelthorne,Con,Lab,29141,10748,7499,0,2122,0,0,0,0,0,0,0,0,0,-1,-11
E14000965,Stafford,Con,Lab,29992,15615,3175,0,2367,0,0,0,0,0,0,0,0,0,-4,0
E14000966,Staffordshire Moorlands,Con,Lab,28192,11764,2469,0,1231,0,0,0,0,0,0,0,0,0,-3,2
E14000960,St Albans,LD,Con,22574,5000,28867,0,1004,0,0,0,0,0,0,0,154,0,6,-5
E14000967,Stalybridge and Hyde,Lab,Con,16079,19025,1827,3591,1411,0,0,0,0,0,0,0,435,0,-4,6
E14000961,St Austell and Newquay,Con,Lab,31273,14747,5861,0,1609,0,0,0,0,0,0,0,2286,0,-15,-15
E14000968,Stevenage,Con,Lab,25328,16766,4132,0,1457,0,0,0,0,0,0,0,0,0,6,-4
E14000962,St Helens North,Lab,Con,12661,24870,2668,5396,1966,0,0,0,0,0,0,0,0,0,-9,5
E14000963,St Helens South and Whiston,Lab,Con,10335,29457,2886,5353,2282,0,0,0,0,0,0,0,0,0,-9,4
S14000057,Stirling,SNP,Con,17641,4275,2867,0,942,26895,0,0,0,0,0,0,0,0,-7,22
E14000964,St Ives,Con,LD,25365,3553,21085,0,964,0,0,0,0,0,0,0,446,0,-16,-16
E14000969,Stockport,Lab,Con,11656,21695,5043,1918,1403,0,0,0,0,0,0,0,0,0,-5,4
E14000970,Stockton North,Lab,Con,16701,17728,1631,3907,0,0,0,0,0,0,0,0,1189,0,0,13
E14000971,Stockton South,Con,Lab,27764,22504,2338,2196,0,0,0,0,0,0,0,0,0,0,0,12
E14000972,Stoke-On-Trent Central,Con,Lab,14557,13887,1116,1691,819,0,0,0,0,0,0,0,0,0,-4,1
E14000973,Stoke-On-Trent North,Con,Lab,20974,14688,1268,2374,508,0,0,0,0,0,0,0,322,0,-4,2
E14000974,Stoke-On-Trent South,Con,Lab,24632,13361,1611,0,0,0,0,0,0,0,0,0,0,0,-3,0
E14000975,Stone,Con,Lab,31687,11742,4412,0,2002,0,0,0,0,0,0,0,0,0,-5,0
E14000976,Stourbridge,Con,Lab,27534,13963,2523,0,1048,0,0,0,0,0,0,0,621,0,-5,-4
N06000016,Strangford,DUP,APNI,1476,0,0,0,790,0,0,17705,555,1994,4023,10634,308,0,-13,13
E14000977,Stratford-On-Avon,Con,LD,33343,6222,13371,0,2112,0,0,0,0,0,0,0,0,0,-3,-6
E14000978,Streatham,Lab,LD,9060,30976,13286,624,2567,0,0,0,0,0,0,0,0,0,4,-13
E14000979,Stretford and Urmston,Lab,Con,13778,30195,2969,1768,1357,0,0,0,0,0,0,0,0,0,-7,4
E14000980,Stroud,Con,Lab,31582,27742,0,1085,4954,0,0,0,0,0,0,0,567,0,-6,-7
E14000981,Suffolk Coastal,Con,Lab,32958,12425,8719,0,2713,0,0,0,0,0,0,0,1493,0,9,1
E14000982,Sunderland Central,Lab,Con,15372,18336,3025,5047,1212,0,0,0,0,0,0,0,484,0,0,15
E14000983,Surrey Heath,Con,LD,34358,5407,16009,0,2252,0,0,0,0,0,0,0,628,0,-1,-10
E14000984,Sutton and Cheam,Con,LD,25235,7200,16884,0,1168,0,0,0,0,0,0,0,0,0,2,-13
E14000985,Sutton Coldfield,Con,Lab,31604,12332,6358,0,2031,0,0,0,0,0,0,0,0,0,-2,-1
W07000048,Swansea East,Lab,Con,9435,17405,1409,2842,583,0,1905,0,0,0,0,0,0,0,-13,-7
W07000047,Swansea West,Lab,Con,10377,18493,2993,1983,0,0,1984,0,0,0,0,0,0,0,-13,-8
E14000986,Tamworth,Con,Lab,30542,10908,2426,0,935,0,0,0,0,0,0,0,1245,0,-1,0
E14000987,Tatton,Con,Lab,28277,10890,7712,0,2088,0,0,0,0,0,0,0,0,0,-6,2
E14000988,Taunton Deane,Con,LD,34164,4715,22464,0,0,0,0,0,0,0,0,0,2390,0,-10,-13
E14000989,Telford,Con,Lab,25546,14605,2674,0,0,0,0,0,0,0,0,0,0,0,-8,-1
E14000990,Tewkesbury,Con,LD,35728,9310,13318,0,2784,0,0,0,0,0,0,0,0,0,-6,-6
E14000991,The Cotswolds,Con,LD,35484,7110,15270,0,3312,0,0,0,0,0,0,0,0,0,-5,-6
E14000992,The Wrekin,Con,Lab,31029,12303,4067,0,1491,0,0,0,0,0,0,0,0,0,-7,0
E14000993,Thirsk and Malton,Con,Lab,35634,10480,6774,0,2263,0,0,0,0,0,0,0,1437,0,1,11
E14000994,Thornbury and Yate,Con,LD,30202,4208,17833,0,0,0,0,0,0,0,0,0,0,0,-8,-7
E14000995,Thurrock,Con,Lab,27795,16313,1510,0,807,0,0,0,0,0,0,0,1042,0,8,-7
E14000996,Tiverton and Honiton,Con,Lab,35893,11654,8807,0,2291,0,0,0,0,0,0,0,968,0,-11,-13
E14000997,Tonbridge and Malling,Con,LD,35784,8286,8843,0,4090,0,0,0,0,0,0,0,0,0,10,-12
E14000998,Tooting,Lab,Con,16504,30811,8305,462,2314,0,0,0,0,0,0,0,77,0,3,-13
E14000999,Torbay,Con,LD,29863,6562,12114,0,1239,0,0,0,0,0,0,0,648,0,-12,-15
W07000053,Torfaen,Lab,Con,11804,15546,1831,5742,812,0,1441,0,0,0,0,0,0,0,-9,-5
E14001000,Torridge and West Devon,Con,LD,35904,10290,10912,0,2077,0,0,0,0,0,0,0,547,0,-14,-13
E14001001,Totnes,Con,LD,27751,8860,15027,0,0,0,0,0,0,0,0,0,544,0,-12,-16
E14001002,Tottenham,Lab,Con,5446,35621,3168,527,1873,0,0,0,0,0,0,0,221,0,4,-8
E14001003,Truro and Falmouth,Con,Lab,27237,22676,7150,0,1714,0,0,0,0,0,0,0,413,0,-15,-16
E14001004,Tunbridge Wells,Con,LD,30119,8098,15474,0,0,0,0,0,0,0,0,0,959,0,10,-13
E14001005,Twickenham,LD,Con,22045,5476,36166,816,0,0,0,0,0,0,0,0,0,0,0,-12
E14001006,Tynemouth,Lab,Con,22071,26928,3791,1963,1281,0,0,0,0,0,0,0,0,0,-1,17
N06000017,Upper Bann,DUP,SF,0,0,0,0,0,0,0,20501,12291,4623,6197,6433,0,0,-16,12
E14001007,Uxbridge and South Ruislip,Con,Lab,25351,18141,3026,0,1090,0,0,0,0,0,0,0,579,0,0,-8
W07000060,Vale Of Clwyd,Con,Lab,17270,15443,1471,1477,0,0,1552,0,0,0,0,0,0,0,-10,0
W07000078,Vale Of Glamorgan,Con,Lab,27305,23743,0,0,3251,0,0,0,0,0,0,0,508,0,-11,-9
E14001008,Vauxhall,Lab,LD,9422,31615,12003,641,2516,0,0,0,0,0,0,0,136,0,5,-12
E14001009,Wakefield,Con,Lab,21283,17925,1772,2725,0,0,0,0,0,0,0,0,1322,0,-1,7
E14001010,Wallasey,Lab,Con,11579,29901,1843,2037,1132,0,0,0,0,0,0,0,0,0,-11,3
E14001011,Walsall North,Con,Lab,23334,11369,1236,0,617,0,0,0,0,0,0,0,0,0,-6,-1
E14001012,Walsall South,Lab,Con,17416,20872,1602,1660,634,0,0,0,0,0,0,0,288,0,-5,-1
E14001013,Walthamstow,Lab,Con,5922,36784,2874,768,1733,0,0,0,0,0,0,0,254,0,5,-8
E14001014,Wansbeck,Lab,Con,16310,17124,2539,3141,1217,0,0,0,0,0,0,0,178,0,-3,17
E14001015,Wantage,Con,LD,34085,10181,21432,0,0,0,0,0,0,0,0,0,1475,0,-2,-6
E14001016,Warley,Lab,Con,10390,21901,1588,2469,891,0,0,0,0,0,0,0,0,0,-5,-3
E14001017,Warrington North,Lab,Con,19102,20611,3071,2626,1257,0,0,0,0,0,0,0,0,0,-8,4
E14001018,Warrington South,Con,Lab,28187,26177,5732,1635,0,0,0,0,0,0,0,0,168,0,-8,3
E14001019,Warwick and Leamington,Lab,Con,22929,23718,4995,807,1536,0,0,0,0,0,0,0,220,0,-1,-5
E14001020,Washington and Sunderland West,Lab,Con,12218,15941,2071,5439,1005,0,0,0,0,0,0,0,839,0,-2,15
E14001021,Watford,Con,Lab,26421,21988,9323,0,0,0,0,0,0,0,0,0,333,0,7,-6
E14001022,Waveney,Con,Lab,31778,13776,2603,0,2727,0,0,0,0,0,0,0,245,0,8,1
E14001023,Wealden,Con,LD,37043,9377,11388,0,3099,0,0,0,0,0,0,0,0,0,11,-13
E14001024,Weaver Vale,Lab,Con,22210,22772,3300,1380,1051,0,0,0,0,0,0,0,0,0,-7,2
E14001025,Wellingborough,Con,Lab,32277,13737,4078,0,1821,0,0,0,0,0,0,0,0,0,4,-1
E14001026,Wells,Con,LD,33336,4304,23345,0,0,0,0,0,0,0,0,0,643,0,-10,-12
E14001027,Welwyn Hatfield,Con,Lab,27394,16439,6602,0,1618,0,0,0,0,0,0,0,0,0,7,-4
E14001028,Wentworth and Dearne,Lab,Con,14577,16742,1705,7019,0,0,0,0,0,0,0,0,1514,0,-1,5
S14000058,West Aberdeenshire and Kincardine,Con,SNP,22752,2431,6253,0,0,21909,0,0,0,0,0,0,0,0,-4,24
E14001029,West Bromwich East,Con,Lab,16804,15211,1313,1475,627,0,0,0,0,0,0,0,545,0,-4,-2
E14001030,West Bromwich West,Con,Lab,17419,13620,915,1841,664,0,0,0,0,0,0,0,0,0,-5,-2
E14001031,West Dorset,Con,LD,33589,5729,19483,0,2124,0,0,0,0,0,0,0,0,0,-9,-14
S14000059,West Dunbartonshire,SNP,Lab,6436,12843,1890,0,867,22396,0,0,0,0,0,0,708,0,-9,22
E14001032,West Ham,Lab,Con,9793,42181,4161,1679,1780,0,0,0,0,0,0,0,606,0,6,-9
E14001033,West Lancashire,Lab,Con,19122,27458,2560,2275,1248,0,0,0,0,0,0,0,0,0,-8,8
E14001036,Westminster North,Lab,Con,12481,23240,5593,418,1064,0,0,0,0,0,0,0,115,0,3,-11
E14001037,Westmorland and Lonsdale,LD,Con,23861,2293,25795,763,0,0,0,0,0,0,0,0,0,0,-4,13
E14001038,Weston-Super-Mare,Con,Lab,31983,14862,6935,0,1834,0,0,0,0,0,0,0,0,0,-9,-12
E14001034,West Suffolk,Con,Lab,33842,10648,4685,0,2262,0,0,0,0,0,0,0,0,0,8,-1
N06000018,West Tyrone,SF,DUP,0,0,0,0,521,0,0,9066,16544,7330,2774,3979,972,0,-17,14
E14001035,West Worcestershire,Con,LD,34909,9496,10410,0,2715,0,0,0,0,0,0,0,0,0,-7,-4
E14001039,Wigan,Lab,Con,14314,21042,2428,5959,1299,0,0,0,0,0,0,0,0,0,-7,8
E14001040,Wimbledon,Con,LD,20373,12543,19745,0,0,0,0,0,0,0,0,0,366,0,2,-12
E14001041,Winchester,Con,LD,28430,2723,27445,0,0,0,0,0,0,0,0,0,292,0,-4,-11
E14001042,Windsor,Con,LD,31501,8147,11422,0,1796,0,0,0,0,0,0,0,884,0,-2,-9
E14001043,Wirral South,Lab,Con,16179,22284,2917,1219,948,0,0,0,0,0,0,0,0,0,-9,2
E14001044,Wirral West,Lab,Con,17692,20695,2706,860,965,0,0,0,0,0,0,0,0,0,-11,2
E14001045,Witham,Con,Lab,32876,8794,4584,0,3090,0,0,0,0,0,0,0,0,0,10,-4
E14001046,Witney,Con,LD,33856,8770,18679,0,0,0,0,0,0,0,0,0,0,0,-1,-6
E14001047,Woking,Con,LD,26396,8827,16629,0,1485,0,0,0,0,0,0,0,600,0,-2,-11
E14001048,Wokingham,Con,LD,30734,6450,23351,0,1382,0,0,0,0,0,0,0,80,0,-4,-9
E14001049,Wolverhampton North East,Con,Lab,17722,13642,960,1354,603,0,0,0,0,0,0,0,0,0,-7,-1
E14001050,Wolverhampton South East,Lab,Con,14287,15522,1019,2094,521,0,0,0,0,0,0,0,0,0,-6,-2
E14001051,Wolverhampton South West,Con,Lab,19864,18203,2041,1028,0,0,0,0,0,0,0,0,0,0,-7,-2
E14001052,Worcester,Con,Lab,25856,19098,3666,0,1694,0,0,0,0,0,0,0,584,0,-6,-5
E14001053,Workington,Con,Lab,20488,16312,1525,1749,596,0,0,0,0,0,0,0,929,0,-5,14
E14001054,Worsley and Eccles South,Lab,Con,17227,20446,2510,3224,1300,0,0,0,0,0,0,0,0,0,-8,5
E14001055,Worthing West,Con,Lab,30475,15652,6024,0,2008,0,0,0,0,0,0,0,489,0,3,-15
W07000044,Wrexham,Con,Lab,15199,13068,1447,1222,445,0,2151,0,0,0,0,0,0,0,-9,0
E14001056,Wycombe,Con,Lab,24766,20552,6543,0,1454,0,0,0,0,0,0,0,1441,0,-1,-7
E14001057,Wyre and Preston North,Con,Lab,31589,14808,4463,0,1729,0,0,0,0,0,0,0,335,0,-6,11
E14001058,Wyre Forest,Con,Lab,32960,11547,4081,0,1973,0,0,0,0,0,0,0,0,0,-8,-3
E14001059,Wythenshawe and Sale East,Lab,Con,13459,23855,3111,2717,1559,0,0,0,0,0,0,0,58,0,-6,3
E14001060,Yeovil,Con,LD,34588,3761,18407,0,1629,0,0,0,0,0,0,0,875,0,-10,-14
W07000041,Ynys Mn,Con,Lab,12959,10991,0,2184,0,0,10418,0,0,0,0,0,0,0,-14,1
E14001061,York Central,Lab,Con,13767,27312,4149,1479,2107,0,0,0,0,0,0,0,691,0,0,11
E14001062,York Outer,Con,Lab,27324,17339,9992,0,0,0,0,0,0,0,0,0,692,0,-1,11
